team1,team2,win,tie,lose
Algeria,Argentina,0.1111,0.1667,0.7222
Algeria,Australia,-1,-1,-1
Algeria,Austria,0.2941,0.2513,0.4545
Algeria,Belgium,-1,-1,-1
Algeria,Bosnia and Herzegovina,-1,-1,-1
Algeria,Brazil,-1,-1,-1
Algeria,Canada,-1,-1,-1
Algeria,Cape Verde,-1,-1,-1
Algeria,Colombia,-1,-1,-1
Algeria,Croatia,-1,-1,-1
Algeria,Curacao,-1,-1,-1
Algeria,Czech Republic,-1,-1,-1
Algeria,DR Congo,-1,-1,-1
Algeria,Ecuador,-1,-1,-1
Algeria,Egypt,-1,-1,-1
Algeria,England,-1,-1,-1
Algeria,France,-1,-1,-1
Algeria,Germany,-1,-1,-1
Algeria,Ghana,-1,-1,-1
Algeria,Haiti,-1,-1,-1
Algeria,Iran,-1,-1,-1
Algeria,Iraq,-1,-1,-1
Algeria,Ivory Coast,-1,-1,-1
Algeria,Japan,-1,-1,-1
Algeria,Jordan,0.6552,0.1910,0.1538
Algeria,Mexico,-1,-1,-1
Algeria,Morocco,-1,-1,-1
Algeria,Netherlands,-1,-1,-1
Algeria,New Zealand,-1,-1,-1
Algeria,Norway,-1,-1,-1
Algeria,Panama,-1,-1,-1
Algeria,Paraguay,-1,-1,-1
Algeria,Portugal,-1,-1,-1
Algeria,Qatar,-1,-1,-1
Algeria,Saudi Arabia,-1,-1,-1
Algeria,Scotland,-1,-1,-1
Algeria,Senegal,-1,-1,-1
Algeria,South Africa,-1,-1,-1
Algeria,South Korea,-1,-1,-1
Algeria,Spain,-1,-1,-1
Algeria,Sweden,-1,-1,-1
Algeria,Switzerland,-1,-1,-1
Algeria,Tunisia,-1,-1,-1
Algeria,Turkey,-1,-1,-1
Algeria,United States,-1,-1,-1
Algeria,Uruguay,-1,-1,-1
Algeria,Uzbekistan,-1,-1,-1
Argentina,Australia,-1,-1,-1
Argentina,Austria,0.6078,0.2136,0.1786
Argentina,Belgium,-1,-1,-1
Argentina,Bosnia and Herzegovina,-1,-1,-1
Argentina,Brazil,-1,-1,-1
Argentina,Canada,-1,-1,-1
Argentina,Cape Verde,-1,-1,-1
Argentina,Colombia,-1,-1,-1
Argentina,Croatia,-1,-1,-1
Argentina,Curacao,-1,-1,-1
Argentina,Czech Republic,-1,-1,-1
Argentina,DR Congo,-1,-1,-1
Argentina,Ecuador,-1,-1,-1
Argentina,Egypt,-1,-1,-1
Argentina,England,-1,-1,-1
Argentina,France,-1,-1,-1
Argentina,Germany,-1,-1,-1
Argentina,Ghana,-1,-1,-1
Argentina,Haiti,-1,-1,-1
Argentina,Iran,-1,-1,-1
Argentina,Iraq,-1,-1,-1
Argentina,Ivory Coast,-1,-1,-1
Argentina,Japan,-1,-1,-1
Argentina,Jordan,0.8462,0.0872,0.0667
Argentina,Mexico,-1,-1,-1
Argentina,Morocco,-1,-1,-1
Argentina,Netherlands,-1,-1,-1
Argentina,New Zealand,-1,-1,-1
Argentina,Norway,-1,-1,-1
Argentina,Panama,-1,-1,-1
Argentina,Paraguay,-1,-1,-1
Argentina,Portugal,-1,-1,-1
Argentina,Qatar,-1,-1,-1
Argentina,Saudi Arabia,-1,-1,-1
Argentina,Scotland,-1,-1,-1
Argentina,Senegal,-1,-1,-1
Argentina,South Africa,-1,-1,-1
Argentina,South Korea,-1,-1,-1
Argentina,Spain,-1,-1,-1
Argentina,Sweden,-1,-1,-1
Argentina,Switzerland,-1,-1,-1
Argentina,Tunisia,-1,-1,-1
Argentina,Turkey,-1,-1,-1
Argentina,United States,-1,-1,-1
Argentina,Uruguay,-1,-1,-1
Argentina,Uzbekistan,-1,-1,-1
Australia,Austria,-1,-1,-1
Australia,Belgium,-1,-1,-1
Australia,Bosnia and Herzegovina,-1,-1,-1
Australia,Brazil,-1,-1,-1
Australia,Canada,-1,-1,-1
Australia,Cape Verde,-1,-1,-1
Australia,Colombia,-1,-1,-1
Australia,Croatia,-1,-1,-1
Australia,Curacao,-1,-1,-1
Australia,Czech Republic,-1,-1,-1
Australia,DR Congo,-1,-1,-1
Australia,Ecuador,-1,-1,-1
Australia,Egypt,-1,-1,-1
Australia,England,-1,-1,-1
Australia,France,-1,-1,-1
Australia,Germany,-1,-1,-1
Australia,Ghana,-1,-1,-1
Australia,Haiti,-1,-1,-1
Australia,Iran,-1,-1,-1
Australia,Iraq,-1,-1,-1
Australia,Ivory Coast,-1,-1,-1
Australia,Japan,-1,-1,-1
Australia,Jordan,-1,-1,-1
Australia,Mexico,-1,-1,-1
Australia,Morocco,-1,-1,-1
Australia,Netherlands,-1,-1,-1
Australia,New Zealand,-1,-1,-1
Australia,Norway,-1,-1,-1
Australia,Panama,-1,-1,-1
Australia,Paraguay,0.2778,0.2460,0.4762
Australia,Portugal,-1,-1,-1
Australia,Qatar,-1,-1,-1
Australia,Saudi Arabia,-1,-1,-1
Australia,Scotland,-1,-1,-1
Australia,Senegal,-1,-1,-1
Australia,South Africa,-1,-1,-1
Australia,South Korea,-1,-1,-1
Australia,Spain,-1,-1,-1
Australia,Sweden,-1,-1,-1
Australia,Switzerland,-1,-1,-1
Australia,Tunisia,-1,-1,-1
Australia,Turkey,0.1923,0.2159,0.5918
Australia,United States,0.2041,0.2126,0.5833
Australia,Uruguay,-1,-1,-1
Australia,Uzbekistan,-1,-1,-1
Austria,Belgium,-1,-1,-1
Austria,Bosnia and Herzegovina,-1,-1,-1
Austria,Brazil,-1,-1,-1
Austria,Canada,-1,-1,-1
Austria,Cape Verde,-1,-1,-1
Austria,Colombia,-1,-1,-1
Austria,Croatia,-1,-1,-1
Austria,Curacao,-1,-1,-1
Austria,Czech Republic,-1,-1,-1
Austria,DR Congo,-1,-1,-1
Austria,Ecuador,-1,-1,-1
Austria,Egypt,-1,-1,-1
Austria,England,-1,-1,-1
Austria,France,-1,-1,-1
Austria,Germany,-1,-1,-1
Austria,Ghana,-1,-1,-1
Austria,Haiti,-1,-1,-1
Austria,Iran,-1,-1,-1
Austria,Iraq,-1,-1,-1
Austria,Ivory Coast,-1,-1,-1
Austria,Japan,-1,-1,-1
Austria,Jordan,0.7619,0.1328,0.1053
Austria,Mexico,-1,-1,-1
Austria,Morocco,-1,-1,-1
Austria,Netherlands,-1,-1,-1
Austria,New Zealand,-1,-1,-1
Austria,Norway,-1,-1,-1
Austria,Panama,-1,-1,-1
Austria,Paraguay,-1,-1,-1
Austria,Portugal,-1,-1,-1
Austria,Qatar,-1,-1,-1
Austria,Saudi Arabia,-1,-1,-1
Austria,Scotland,-1,-1,-1
Austria,Senegal,-1,-1,-1
Austria,South Africa,-1,-1,-1
Austria,South Korea,-1,-1,-1
Austria,Spain,-1,-1,-1
Austria,Sweden,-1,-1,-1
Austria,Switzerland,-1,-1,-1
Austria,Tunisia,-1,-1,-1
Austria,Turkey,-1,-1,-1
Austria,United States,-1,-1,-1
Austria,Uruguay,-1,-1,-1
Austria,Uzbekistan,-1,-1,-1
Belgium,Bosnia and Herzegovina,-1,-1,-1
Belgium,Brazil,-1,-1,-1
Belgium,Canada,-1,-1,-1
Belgium,Cape Verde,-1,-1,-1
Belgium,Colombia,-1,-1,-1
Belgium,Croatia,-1,-1,-1
Belgium,Curacao,-1,-1,-1
Belgium,Czech Republic,-1,-1,-1
Belgium,DR Congo,-1,-1,-1
Belgium,Ecuador,-1,-1,-1
Belgium,Egypt,0.6078,0.2103,0.1818
Belgium,England,-1,-1,-1
Belgium,France,-1,-1,-1
Belgium,Germany,-1,-1,-1
Belgium,Ghana,-1,-1,-1
Belgium,Haiti,-1,-1,-1
Belgium,Iran,0.7143,0.1607,0.1250
Belgium,Iraq,-1,-1,-1
Belgium,Ivory Coast,-1,-1,-1
Belgium,Japan,-1,-1,-1
Belgium,Jordan,-1,-1,-1
Belgium,Mexico,-1,-1,-1
Belgium,Morocco,-1,-1,-1
Belgium,Netherlands,-1,-1,-1
Belgium,New Zealand,0.7826,0.1265,0.0909
Belgium,Norway,-1,-1,-1
Belgium,Panama,-1,-1,-1
Belgium,Paraguay,-1,-1,-1
Belgium,Portugal,-1,-1,-1
Belgium,Qatar,-1,-1,-1
Belgium,Saudi Arabia,-1,-1,-1
Belgium,Scotland,-1,-1,-1
Belgium,Senegal,-1,-1,-1
Belgium,South Africa,-1,-1,-1
Belgium,South Korea,-1,-1,-1
Belgium,Spain,-1,-1,-1
Belgium,Sweden,-1,-1,-1
Belgium,Switzerland,-1,-1,-1
Belgium,Tunisia,-1,-1,-1
Belgium,Turkey,-1,-1,-1
Belgium,United States,-1,-1,-1
Belgium,Uruguay,-1,-1,-1
Belgium,Uzbekistan,-1,-1,-1
Bosnia and Herzegovina,Brazil,-1,-1,-1
Bosnia and Herzegovina,Canada,0.2128,0.2317,0.5556
Bosnia and Herzegovina,Cape Verde,-1,-1,-1
Bosnia and Herzegovina,Colombia,-1,-1,-1
Bosnia and Herzegovina,Croatia,-1,-1,-1
Bosnia and Herzegovina,Curacao,-1,-1,-1
Bosnia and Herzegovina,Czech Republic,-1,-1,-1
Bosnia and Herzegovina,DR Congo,-1,-1,-1
Bosnia and Herzegovina,Ecuador,-1,-1,-1
Bosnia and Herzegovina,Egypt,-1,-1,-1
Bosnia and Herzegovina,England,-1,-1,-1
Bosnia and Herzegovina,France,-1,-1,-1
Bosnia and Herzegovina,Germany,-1,-1,-1
Bosnia and Herzegovina,Ghana,-1,-1,-1
Bosnia and Herzegovina,Haiti,-1,-1,-1
Bosnia and Herzegovina,Iran,-1,-1,-1
Bosnia and Herzegovina,Iraq,-1,-1,-1
Bosnia and Herzegovina,Ivory Coast,-1,-1,-1
Bosnia and Herzegovina,Japan,-1,-1,-1
Bosnia and Herzegovina,Jordan,-1,-1,-1
Bosnia and Herzegovina,Mexico,-1,-1,-1
Bosnia and Herzegovina,Morocco,-1,-1,-1
Bosnia and Herzegovina,Netherlands,-1,-1,-1
Bosnia and Herzegovina,New Zealand,-1,-1,-1
Bosnia and Herzegovina,Norway,-1,-1,-1
Bosnia and Herzegovina,Panama,-1,-1,-1
Bosnia and Herzegovina,Paraguay,-1,-1,-1
Bosnia and Herzegovina,Portugal,-1,-1,-1
Bosnia and Herzegovina,Qatar,0.6491,0.1970,0.1538
Bosnia and Herzegovina,Saudi Arabia,-1,-1,-1
Bosnia and Herzegovina,Scotland,-1,-1,-1
Bosnia and Herzegovina,Senegal,-1,-1,-1
Bosnia and Herzegovina,South Africa,-1,-1,-1
Bosnia and Herzegovina,South Korea,-1,-1,-1
Bosnia and Herzegovina,Spain,-1,-1,-1
Bosnia and Herzegovina,Sweden,-1,-1,-1
Bosnia and Herzegovina,Switzerland,0.1724,0.2122,0.6154
Bosnia and Herzegovina,Tunisia,-1,-1,-1
Bosnia and Herzegovina,Turkey,-1,-1,-1
Bosnia and Herzegovina,United States,-1,-1,-1
Bosnia and Herzegovina,Uruguay,-1,-1,-1
Bosnia and Herzegovina,Uzbekistan,-1,-1,-1
Brazil,Canada,-1,-1,-1
Brazil,Cape Verde,-1,-1,-1
Brazil,Colombia,-1,-1,-1
Brazil,Croatia,-1,-1,-1
Brazil,Curacao,-1,-1,-1
Brazil,Czech Republic,-1,-1,-1
Brazil,DR Congo,-1,-1,-1
Brazil,Ecuador,-1,-1,-1
Brazil,Egypt,-1,-1,-1
Brazil,England,-1,-1,-1
Brazil,France,-1,-1,-1
Brazil,Germany,-1,-1,-1
Brazil,Ghana,-1,-1,-1
Brazil,Haiti,0.9259,0.0306,0.0435
Brazil,Iran,-1,-1,-1
Brazil,Iraq,-1,-1,-1
Brazil,Ivory Coast,-1,-1,-1
Brazil,Japan,-1,-1,-1
Brazil,Jordan,-1,-1,-1
Brazil,Mexico,-1,-1,-1
Brazil,Morocco,0.6000,0.2182,0.1818
Brazil,Netherlands,-1,-1,-1
Brazil,New Zealand,-1,-1,-1
Brazil,Norway,-1,-1,-1
Brazil,Panama,-1,-1,-1
Brazil,Paraguay,-1,-1,-1
Brazil,Portugal,-1,-1,-1
Brazil,Qatar,-1,-1,-1
Brazil,Saudi Arabia,-1,-1,-1
Brazil,Scotland,0.7059,0.1513,0.1429
Brazil,Senegal,-1,-1,-1
Brazil,South Africa,-1,-1,-1
Brazil,South Korea,-1,-1,-1
Brazil,Spain,-1,-1,-1
Brazil,Sweden,-1,-1,-1
Brazil,Switzerland,-1,-1,-1
Brazil,Tunisia,-1,-1,-1
Brazil,Turkey,-1,-1,-1
Brazil,United States,-1,-1,-1
Brazil,Uruguay,-1,-1,-1
Brazil,Uzbekistan,-1,-1,-1
Canada,Cape Verde,-1,-1,-1
Canada,Colombia,-1,-1,-1
Canada,Croatia,-1,-1,-1
Canada,Curacao,-1,-1,-1
Canada,Czech Republic,-1,-1,-1
Canada,DR Congo,-1,-1,-1
Canada,Ecuador,-1,-1,-1
Canada,Egypt,-1,-1,-1
Canada,England,-1,-1,-1
Canada,France,-1,-1,-1
Canada,Germany,-1,-1,-1
Canada,Ghana,-1,-1,-1
Canada,Haiti,-1,-1,-1
Canada,Iran,-1,-1,-1
Canada,Iraq,-1,-1,-1
Canada,Ivory Coast,-1,-1,-1
Canada,Japan,-1,-1,-1
Canada,Jordan,-1,-1,-1
Canada,Mexico,-1,-1,-1
Canada,Morocco,-1,-1,-1
Canada,Netherlands,-1,-1,-1
Canada,New Zealand,-1,-1,-1
Canada,Norway,-1,-1,-1
Canada,Panama,-1,-1,-1
Canada,Paraguay,-1,-1,-1
Canada,Portugal,-1,-1,-1
Canada,Qatar,0.7727,0.1320,0.0952
Canada,Saudi Arabia,-1,-1,-1
Canada,Scotland,-1,-1,-1
Canada,Senegal,-1,-1,-1
Canada,South Africa,-1,-1,-1
Canada,South Korea,-1,-1,-1
Canada,Spain,-1,-1,-1
Canada,Sweden,-1,-1,-1
Canada,Switzerland,0.2778,0.2460,0.4762
Canada,Tunisia,-1,-1,-1
Canada,Turkey,-1,-1,-1
Canada,United States,-1,-1,-1
Canada,Uruguay,-1,-1,-1
Canada,Uzbekistan,-1,-1,-1
Cape Verde,Colombia,-1,-1,-1
Cape Verde,Croatia,-1,-1,-1
Cape Verde,Curacao,-1,-1,-1
Cape Verde,Czech Republic,-1,-1,-1
Cape Verde,DR Congo,-1,-1,-1
Cape Verde,Ecuador,-1,-1,-1
Cape Verde,Egypt,-1,-1,-1
Cape Verde,England,-1,-1,-1
Cape Verde,France,-1,-1,-1
Cape Verde,Germany,-1,-1,-1
Cape Verde,Ghana,-1,-1,-1
Cape Verde,Haiti,-1,-1,-1
Cape Verde,Iran,-1,-1,-1
Cape Verde,Iraq,-1,-1,-1
Cape Verde,Ivory Coast,-1,-1,-1
Cape Verde,Japan,-1,-1,-1
Cape Verde,Jordan,-1,-1,-1
Cape Verde,Mexico,-1,-1,-1
Cape Verde,Morocco,-1,-1,-1
Cape Verde,Netherlands,-1,-1,-1
Cape Verde,New Zealand,-1,-1,-1
Cape Verde,Norway,-1,-1,-1
Cape Verde,Panama,-1,-1,-1
Cape Verde,Paraguay,-1,-1,-1
Cape Verde,Portugal,-1,-1,-1
Cape Verde,Qatar,-1,-1,-1
Cape Verde,Saudi Arabia,0.3846,0.2380,0.3774
Cape Verde,Scotland,-1,-1,-1
Cape Verde,Senegal,-1,-1,-1
Cape Verde,South Africa,-1,-1,-1
Cape Verde,South Korea,-1,-1,-1
Cape Verde,Spain,0.0435,0.0306,0.9259
Cape Verde,Sweden,-1,-1,-1
Cape Verde,Switzerland,-1,-1,-1
Cape Verde,Tunisia,-1,-1,-1
Cape Verde,Turkey,-1,-1,-1
Cape Verde,United States,-1,-1,-1
Cape Verde,Uruguay,0.1333,0.1608,0.7059
Cape Verde,Uzbekistan,-1,-1,-1
Colombia,Croatia,-1,-1,-1
Colombia,Curacao,-1,-1,-1
Colombia,Czech Republic,-1,-1,-1
Colombia,DR Congo,0.6667,0.1905,0.1429
Colombia,Ecuador,-1,-1,-1
Colombia,Egypt,-1,-1,-1
Colombia,England,-1,-1,-1
Colombia,France,-1,-1,-1
Colombia,Germany,-1,-1,-1
Colombia,Ghana,-1,-1,-1
Colombia,Haiti,-1,-1,-1
Colombia,Iran,-1,-1,-1
Colombia,Iraq,-1,-1,-1
Colombia,Ivory Coast,-1,-1,-1
Colombia,Japan,-1,-1,-1
Colombia,Jordan,-1,-1,-1
Colombia,Mexico,-1,-1,-1
Colombia,Morocco,-1,-1,-1
Colombia,Netherlands,-1,-1,-1
Colombia,New Zealand,-1,-1,-1
Colombia,Norway,-1,-1,-1
Colombia,Panama,-1,-1,-1
Colombia,Paraguay,-1,-1,-1
Colombia,Portugal,0.2857,0.2381,0.4762
Colombia,Qatar,-1,-1,-1
Colombia,Saudi Arabia,-1,-1,-1
Colombia,Scotland,-1,-1,-1
Colombia,Senegal,-1,-1,-1
Colombia,South Africa,-1,-1,-1
Colombia,South Korea,-1,-1,-1
Colombia,Spain,-1,-1,-1
Colombia,Sweden,-1,-1,-1
Colombia,Switzerland,-1,-1,-1
Colombia,Tunisia,-1,-1,-1
Colombia,Turkey,-1,-1,-1
Colombia,United States,-1,-1,-1
Colombia,Uruguay,-1,-1,-1
Colombia,Uzbekistan,0.7297,0.1592,0.1111
Croatia,Curacao,-1,-1,-1
Croatia,Czech Republic,-1,-1,-1
Croatia,DR Congo,-1,-1,-1
Croatia,Ecuador,-1,-1,-1
Croatia,Egypt,-1,-1,-1
Croatia,England,0.2000,0.2167,0.5833
Croatia,France,-1,-1,-1
Croatia,Germany,-1,-1,-1
Croatia,Ghana,0.5918,0.2230,0.1852
Croatia,Haiti,-1,-1,-1
Croatia,Iran,-1,-1,-1
Croatia,Iraq,-1,-1,-1
Croatia,Ivory Coast,-1,-1,-1
Croatia,Japan,-1,-1,-1
Croatia,Jordan,-1,-1,-1
Croatia,Mexico,-1,-1,-1
Croatia,Morocco,-1,-1,-1
Croatia,Netherlands,-1,-1,-1
Croatia,New Zealand,-1,-1,-1
Croatia,Norway,-1,-1,-1
Croatia,Panama,0.6552,0.1910,0.1538
Croatia,Paraguay,-1,-1,-1
Croatia,Portugal,-1,-1,-1
Croatia,Qatar,-1,-1,-1
Croatia,Saudi Arabia,-1,-1,-1
Croatia,Scotland,-1,-1,-1
Croatia,Senegal,-1,-1,-1
Croatia,South Africa,-1,-1,-1
Croatia,South Korea,-1,-1,-1
Croatia,Spain,-1,-1,-1
Croatia,Sweden,-1,-1,-1
Croatia,Switzerland,-1,-1,-1
Croatia,Tunisia,-1,-1,-1
Croatia,Turkey,-1,-1,-1
Croatia,United States,-1,-1,-1
Croatia,Uruguay,-1,-1,-1
Croatia,Uzbekistan,-1,-1,-1
Curacao,Czech Republic,-1,-1,-1
Curacao,DR Congo,-1,-1,-1
Curacao,Ecuador,0.0625,0.1042,0.8333
Curacao,Egypt,-1,-1,-1
Curacao,England,-1,-1,-1
Curacao,France,-1,-1,-1
Curacao,Germany,0.0244,0.0232,0.9524
Curacao,Ghana,-1,-1,-1
Curacao,Haiti,-1,-1,-1
Curacao,Iran,-1,-1,-1
Curacao,Iraq,-1,-1,-1
Curacao,Ivory Coast,0.0714,0.1190,0.8095
Curacao,Japan,-1,-1,-1
Curacao,Jordan,-1,-1,-1
Curacao,Mexico,-1,-1,-1
Curacao,Morocco,-1,-1,-1
Curacao,Netherlands,-1,-1,-1
Curacao,New Zealand,-1,-1,-1
Curacao,Norway,-1,-1,-1
Curacao,Panama,-1,-1,-1
Curacao,Paraguay,-1,-1,-1
Curacao,Portugal,-1,-1,-1
Curacao,Qatar,-1,-1,-1
Curacao,Saudi Arabia,-1,-1,-1
Curacao,Scotland,-1,-1,-1
Curacao,Senegal,-1,-1,-1
Curacao,South Africa,-1,-1,-1
Curacao,South Korea,-1,-1,-1
Curacao,Spain,-1,-1,-1
Curacao,Sweden,-1,-1,-1
Curacao,Switzerland,-1,-1,-1
Curacao,Tunisia,-1,-1,-1
Curacao,Turkey,-1,-1,-1
Curacao,United States,-1,-1,-1
Curacao,Uruguay,-1,-1,-1
Curacao,Uzbekistan,-1,-1,-1
Czech Republic,DR Congo,-1,-1,-1
Czech Republic,Ecuador,-1,-1,-1
Czech Republic,Egypt,-1,-1,-1
Czech Republic,England,-1,-1,-1
Czech Republic,France,-1,-1,-1
Czech Republic,Germany,-1,-1,-1
Czech Republic,Ghana,-1,-1,-1
Czech Republic,Haiti,-1,-1,-1
Czech Republic,Iran,-1,-1,-1
Czech Republic,Iraq,-1,-1,-1
Czech Republic,Ivory Coast,-1,-1,-1
Czech Republic,Japan,-1,-1,-1
Czech Republic,Jordan,-1,-1,-1
Czech Republic,Mexico,0.2128,0.2317,0.5556
Czech Republic,Morocco,-1,-1,-1
Czech Republic,Netherlands,-1,-1,-1
Czech Republic,New Zealand,-1,-1,-1
Czech Republic,Norway,-1,-1,-1
Czech Republic,Panama,-1,-1,-1
Czech Republic,Paraguay,-1,-1,-1
Czech Republic,Portugal,-1,-1,-1
Czech Republic,Qatar,-1,-1,-1
Czech Republic,Saudi Arabia,-1,-1,-1
Czech Republic,Scotland,-1,-1,-1
Czech Republic,Senegal,-1,-1,-1
Czech Republic,South Africa,0.5238,0.2323,0.2439
Czech Republic,South Korea,0.3509,0.2718,0.3774
Czech Republic,Spain,-1,-1,-1
Czech Republic,Sweden,-1,-1,-1
Czech Republic,Switzerland,-1,-1,-1
Czech Republic,Tunisia,-1,-1,-1
Czech Republic,Turkey,-1,-1,-1
Czech Republic,United States,-1,-1,-1
Czech Republic,Uruguay,-1,-1,-1
Czech Republic,Uzbekistan,-1,-1,-1
DR Congo,Ecuador,-1,-1,-1
DR Congo,Egypt,-1,-1,-1
DR Congo,England,-1,-1,-1
DR Congo,France,-1,-1,-1
DR Congo,Germany,-1,-1,-1
DR Congo,Ghana,-1,-1,-1
DR Congo,Haiti,-1,-1,-1
DR Congo,Iran,-1,-1,-1
DR Congo,Iraq,-1,-1,-1
DR Congo,Ivory Coast,-1,-1,-1
DR Congo,Japan,-1,-1,-1
DR Congo,Jordan,-1,-1,-1
DR Congo,Mexico,-1,-1,-1
DR Congo,Morocco,-1,-1,-1
DR Congo,Netherlands,-1,-1,-1
DR Congo,New Zealand,-1,-1,-1
DR Congo,Norway,-1,-1,-1
DR Congo,Panama,-1,-1,-1
DR Congo,Paraguay,-1,-1,-1
DR Congo,Portugal,0.0909,0.1313,0.7778
DR Congo,Qatar,-1,-1,-1
DR Congo,Saudi Arabia,-1,-1,-1
DR Congo,Scotland,-1,-1,-1
DR Congo,Senegal,-1,-1,-1
DR Congo,South Africa,-1,-1,-1
DR Congo,South Korea,-1,-1,-1
DR Congo,Spain,-1,-1,-1
DR Congo,Sweden,-1,-1,-1
DR Congo,Switzerland,-1,-1,-1
DR Congo,Tunisia,-1,-1,-1
DR Congo,Turkey,-1,-1,-1
DR Congo,United States,-1,-1,-1
DR Congo,Uruguay,-1,-1,-1
DR Congo,Uzbekistan,0.4255,0.2620,0.3125
Ecuador,Egypt,-1,-1,-1
Ecuador,England,-1,-1,-1
Ecuador,France,-1,-1,-1
Ecuador,Germany,0.1961,0.2121,0.5918
Ecuador,Ghana,-1,-1,-1
Ecuador,Haiti,-1,-1,-1
Ecuador,Iran,-1,-1,-1
Ecuador,Iraq,-1,-1,-1
Ecuador,Ivory Coast,0.4082,0.3061,0.2857
Ecuador,Japan,-1,-1,-1
Ecuador,Jordan,-1,-1,-1
Ecuador,Mexico,-1,-1,-1
Ecuador,Morocco,-1,-1,-1
Ecuador,Netherlands,-1,-1,-1
Ecuador,New Zealand,-1,-1,-1
Ecuador,Norway,-1,-1,-1
Ecuador,Panama,-1,-1,-1
Ecuador,Paraguay,-1,-1,-1
Ecuador,Portugal,-1,-1,-1
Ecuador,Qatar,-1,-1,-1
Ecuador,Saudi Arabia,-1,-1,-1
Ecuador,Scotland,-1,-1,-1
Ecuador,Senegal,-1,-1,-1
Ecuador,South Africa,-1,-1,-1
Ecuador,South Korea,-1,-1,-1
Ecuador,Spain,-1,-1,-1
Ecuador,Sweden,-1,-1,-1
Ecuador,Switzerland,-1,-1,-1
Ecuador,Tunisia,-1,-1,-1
Ecuador,Turkey,-1,-1,-1
Ecuador,United States,-1,-1,-1
Ecuador,Uruguay,-1,-1,-1
Ecuador,Uzbekistan,-1,-1,-1
Egypt,England,-1,-1,-1
Egypt,France,-1,-1,-1
Egypt,Germany,-1,-1,-1
Egypt,Ghana,-1,-1,-1
Egypt,Haiti,-1,-1,-1
Egypt,Iran,0.4444,0.2698,0.2857
Egypt,Iraq,-1,-1,-1
Egypt,Ivory Coast,-1,-1,-1
Egypt,Japan,-1,-1,-1
Egypt,Jordan,-1,-1,-1
Egypt,Mexico,-1,-1,-1
Egypt,Morocco,-1,-1,-1
Egypt,Netherlands,-1,-1,-1
Egypt,New Zealand,0.5745,0.2332,0.1923
Egypt,Norway,-1,-1,-1
Egypt,Panama,-1,-1,-1
Egypt,Paraguay,-1,-1,-1
Egypt,Portugal,-1,-1,-1
Egypt,Qatar,-1,-1,-1
Egypt,Saudi Arabia,-1,-1,-1
Egypt,Scotland,-1,-1,-1
Egypt,Senegal,-1,-1,-1
Egypt,South Africa,-1,-1,-1
Egypt,South Korea,-1,-1,-1
Egypt,Spain,-1,-1,-1
Egypt,Sweden,-1,-1,-1
Egypt,Switzerland,-1,-1,-1
Egypt,Tunisia,-1,-1,-1
Egypt,Turkey,-1,-1,-1
Egypt,United States,-1,-1,-1
Egypt,Uruguay,-1,-1,-1
Egypt,Uzbekistan,-1,-1,-1
England,France,-1,-1,-1
England,Germany,-1,-1,-1
England,Ghana,0.7674,0.1273,0.1053
England,Haiti,-1,-1,-1
England,Iran,-1,-1,-1
England,Iraq,-1,-1,-1
England,Ivory Coast,-1,-1,-1
England,Japan,-1,-1,-1
England,Jordan,-1,-1,-1
England,Mexico,-1,-1,-1
England,Morocco,-1,-1,-1
England,Netherlands,-1,-1,-1
England,New Zealand,-1,-1,-1
England,Norway,-1,-1,-1
England,Panama,0.7959,0.1132,0.0909
England,Paraguay,-1,-1,-1
England,Portugal,-1,-1,-1
England,Qatar,-1,-1,-1
England,Saudi Arabia,-1,-1,-1
England,Scotland,-1,-1,-1
England,Senegal,-1,-1,-1
England,South Africa,-1,-1,-1
England,South Korea,-1,-1,-1
England,Spain,-1,-1,-1
England,Sweden,-1,-1,-1
England,Switzerland,-1,-1,-1
England,Tunisia,-1,-1,-1
England,Turkey,-1,-1,-1
England,United States,-1,-1,-1
England,Uruguay,-1,-1,-1
England,Uzbekistan,-1,-1,-1
France,Germany,-1,-1,-1
France,Ghana,-1,-1,-1
France,Haiti,-1,-1,-1
France,Iran,-1,-1,-1
France,Iraq,0.8889,0.0676,0.0435
France,Ivory Coast,-1,-1,-1
France,Japan,-1,-1,-1
France,Jordan,-1,-1,-1
France,Mexico,-1,-1,-1
France,Morocco,-1,-1,-1
France,Netherlands,-1,-1,-1
France,New Zealand,-1,-1,-1
France,Norway,0.5556,0.2222,0.2222
France,Panama,-1,-1,-1
France,Paraguay,-1,-1,-1
France,Portugal,-1,-1,-1
France,Qatar,-1,-1,-1
France,Saudi Arabia,-1,-1,-1
France,Scotland,-1,-1,-1
France,Senegal,0.6875,0.1696,0.1429
France,South Africa,-1,-1,-1
France,South Korea,-1,-1,-1
France,Spain,-1,-1,-1
France,Sweden,-1,-1,-1
France,Switzerland,-1,-1,-1
France,Tunisia,-1,-1,-1
France,Turkey,-1,-1,-1
France,United States,-1,-1,-1
France,Uruguay,-1,-1,-1
France,Uzbekistan,-1,-1,-1
Germany,Ghana,-1,-1,-1
Germany,Haiti,-1,-1,-1
Germany,Iran,-1,-1,-1
Germany,Iraq,-1,-1,-1
Germany,Ivory Coast,0.6491,0.1842,0.1667
Germany,Japan,-1,-1,-1
Germany,Jordan,-1,-1,-1
Germany,Mexico,-1,-1,-1
Germany,Morocco,-1,-1,-1
Germany,Netherlands,-1,-1,-1
Germany,New Zealand,-1,-1,-1
Germany,Norway,-1,-1,-1
Germany,Panama,-1,-1,-1
Germany,Paraguay,-1,-1,-1
Germany,Portugal,-1,-1,-1
Germany,Qatar,-1,-1,-1
Germany,Saudi Arabia,-1,-1,-1
Germany,Scotland,-1,-1,-1
Germany,Senegal,-1,-1,-1
Germany,South Africa,-1,-1,-1
Germany,South Korea,-1,-1,-1
Germany,Spain,-1,-1,-1
Germany,Sweden,-1,-1,-1
Germany,Switzerland,-1,-1,-1
Germany,Tunisia,-1,-1,-1
Germany,Turkey,-1,-1,-1
Germany,United States,-1,-1,-1
Germany,Uruguay,-1,-1,-1
Germany,Uzbekistan,-1,-1,-1
Ghana,Haiti,-1,-1,-1
Ghana,Iran,-1,-1,-1
Ghana,Iraq,-1,-1,-1
Ghana,Ivory Coast,-1,-1,-1
Ghana,Japan,-1,-1,-1
Ghana,Jordan,-1,-1,-1
Ghana,Mexico,-1,-1,-1
Ghana,Morocco,-1,-1,-1
Ghana,Netherlands,-1,-1,-1
Ghana,New Zealand,-1,-1,-1
Ghana,Norway,-1,-1,-1
Ghana,Panama,0.4878,0.2490,0.2632
Ghana,Paraguay,-1,-1,-1
Ghana,Portugal,-1,-1,-1
Ghana,Qatar,-1,-1,-1
Ghana,Saudi Arabia,-1,-1,-1
Ghana,Scotland,-1,-1,-1
Ghana,Senegal,-1,-1,-1
Ghana,South Africa,-1,-1,-1
Ghana,South Korea,-1,-1,-1
Ghana,Spain,-1,-1,-1
Ghana,Sweden,-1,-1,-1
Ghana,Switzerland,-1,-1,-1
Ghana,Tunisia,-1,-1,-1
Ghana,Turkey,-1,-1,-1
Ghana,United States,-1,-1,-1
Ghana,Uruguay,-1,-1,-1
Ghana,Uzbekistan,-1,-1,-1
Haiti,Iran,-1,-1,-1
Haiti,Iraq,-1,-1,-1
Haiti,Ivory Coast,-1,-1,-1
Haiti,Japan,-1,-1,-1
Haiti,Jordan,-1,-1,-1
Haiti,Mexico,-1,-1,-1
Haiti,Morocco,0.1000,0.1500,0.7500
Haiti,Netherlands,-1,-1,-1
Haiti,New Zealand,-1,-1,-1
Haiti,Norway,-1,-1,-1
Haiti,Panama,-1,-1,-1
Haiti,Paraguay,-1,-1,-1
Haiti,Portugal,-1,-1,-1
Haiti,Qatar,-1,-1,-1
Haiti,Saudi Arabia,-1,-1,-1
Haiti,Scotland,0.1667,0.1842,0.6491
Haiti,Senegal,-1,-1,-1
Haiti,South Africa,-1,-1,-1
Haiti,South Korea,-1,-1,-1
Haiti,Spain,-1,-1,-1
Haiti,Sweden,-1,-1,-1
Haiti,Switzerland,-1,-1,-1
Haiti,Tunisia,-1,-1,-1
Haiti,Turkey,-1,-1,-1
Haiti,United States,-1,-1,-1
Haiti,Uruguay,-1,-1,-1
Haiti,Uzbekistan,-1,-1,-1
Iran,Iraq,-1,-1,-1
Iran,Ivory Coast,-1,-1,-1
Iran,Japan,-1,-1,-1
Iran,Jordan,-1,-1,-1
Iran,Mexico,-1,-1,-1
Iran,Morocco,-1,-1,-1
Iran,Netherlands,-1,-1,-1
Iran,New Zealand,0.5455,0.2372,0.2174
Iran,Norway,-1,-1,-1
Iran,Panama,-1,-1,-1
Iran,Paraguay,-1,-1,-1
Iran,Portugal,-1,-1,-1
Iran,Qatar,-1,-1,-1
Iran,Saudi Arabia,-1,-1,-1
Iran,Scotland,-1,-1,-1
Iran,Senegal,-1,-1,-1
Iran,South Africa,-1,-1,-1
Iran,South Korea,-1,-1,-1
Iran,Spain,-1,-1,-1
Iran,Sweden,-1,-1,-1
Iran,Switzerland,-1,-1,-1
Iran,Tunisia,-1,-1,-1
Iran,Turkey,-1,-1,-1
Iran,United States,-1,-1,-1
Iran,Uruguay,-1,-1,-1
Iran,Uzbekistan,-1,-1,-1
Iraq,Ivory Coast,-1,-1,-1
Iraq,Japan,-1,-1,-1
Iraq,Jordan,-1,-1,-1
Iraq,Mexico,-1,-1,-1
Iraq,Morocco,-1,-1,-1
Iraq,Netherlands,-1,-1,-1
Iraq,New Zealand,-1,-1,-1
Iraq,Norway,0.0625,0.0913,0.8462
Iraq,Panama,-1,-1,-1
Iraq,Paraguay,-1,-1,-1
Iraq,Portugal,-1,-1,-1
Iraq,Qatar,-1,-1,-1
Iraq,Saudi Arabia,-1,-1,-1
Iraq,Scotland,-1,-1,-1
Iraq,Senegal,0.1333,0.1608,0.7059
Iraq,South Africa,-1,-1,-1
Iraq,South Korea,-1,-1,-1
Iraq,Spain,-1,-1,-1
Iraq,Sweden,-1,-1,-1
Iraq,Switzerland,-1,-1,-1
Iraq,Tunisia,-1,-1,-1
Iraq,Turkey,-1,-1,-1
Iraq,United States,-1,-1,-1
Iraq,Uruguay,-1,-1,-1
Iraq,Uzbekistan,-1,-1,-1
Ivory Coast,Japan,-1,-1,-1
Ivory Coast,Jordan,-1,-1,-1
Ivory Coast,Mexico,-1,-1,-1
Ivory Coast,Morocco,-1,-1,-1
Ivory Coast,Netherlands,-1,-1,-1
Ivory Coast,New Zealand,-1,-1,-1
Ivory Coast,Norway,-1,-1,-1
Ivory Coast,Panama,-1,-1,-1
Ivory Coast,Paraguay,-1,-1,-1
Ivory Coast,Portugal,-1,-1,-1
Ivory Coast,Qatar,-1,-1,-1
Ivory Coast,Saudi Arabia,-1,-1,-1
Ivory Coast,Scotland,-1,-1,-1
Ivory Coast,Senegal,-1,-1,-1
Ivory Coast,South Africa,-1,-1,-1
Ivory Coast,South Korea,-1,-1,-1
Ivory Coast,Spain,-1,-1,-1
Ivory Coast,Sweden,-1,-1,-1
Ivory Coast,Switzerland,-1,-1,-1
Ivory Coast,Tunisia,-1,-1,-1
Ivory Coast,Turkey,-1,-1,-1
Ivory Coast,United States,-1,-1,-1
Ivory Coast,Uruguay,-1,-1,-1
Ivory Coast,Uzbekistan,-1,-1,-1
Japan,Jordan,-1,-1,-1
Japan,Mexico,-1,-1,-1
Japan,Morocco,-1,-1,-1
Japan,Netherlands,0.2778,0.2222,0.5000
Japan,New Zealand,-1,-1,-1
Japan,Norway,-1,-1,-1
Japan,Panama,-1,-1,-1
Japan,Paraguay,-1,-1,-1
Japan,Portugal,-1,-1,-1
Japan,Qatar,-1,-1,-1
Japan,Saudi Arabia,-1,-1,-1
Japan,Scotland,-1,-1,-1
Japan,Senegal,-1,-1,-1
Japan,South Africa,-1,-1,-1
Japan,South Korea,-1,-1,-1
Japan,Spain,-1,-1,-1
Japan,Sweden,0.4878,0.2344,0.2778
Japan,Switzerland,-1,-1,-1
Japan,Tunisia,0.5652,0.2307,0.2041
Japan,Turkey,-1,-1,-1
Japan,United States,-1,-1,-1
Japan,Uruguay,-1,-1,-1
Japan,Uzbekistan,-1,-1,-1
Jordan,Mexico,-1,-1,-1
Jordan,Morocco,-1,-1,-1
Jordan,Netherlands,-1,-1,-1
Jordan,New Zealand,-1,-1,-1
Jordan,Norway,-1,-1,-1
Jordan,Panama,-1,-1,-1
Jordan,Paraguay,-1,-1,-1
Jordan,Portugal,-1,-1,-1
Jordan,Qatar,-1,-1,-1
Jordan,Saudi Arabia,-1,-1,-1
Jordan,Scotland,-1,-1,-1
Jordan,Senegal,-1,-1,-1
Jordan,South Africa,-1,-1,-1
Jordan,South Korea,-1,-1,-1
Jordan,Spain,-1,-1,-1
Jordan,Sweden,-1,-1,-1
Jordan,Switzerland,-1,-1,-1
Jordan,Tunisia,-1,-1,-1
Jordan,Turkey,-1,-1,-1
Jordan,United States,-1,-1,-1
Jordan,Uruguay,-1,-1,-1
Jordan,Uzbekistan,-1,-1,-1
Mexico,Morocco,-1,-1,-1
Mexico,Netherlands,-1,-1,-1
Mexico,New Zealand,-1,-1,-1
Mexico,Norway,-1,-1,-1
Mexico,Panama,-1,-1,-1
Mexico,Paraguay,-1,-1,-1
Mexico,Portugal,-1,-1,-1
Mexico,Qatar,-1,-1,-1
Mexico,Saudi Arabia,-1,-1,-1
Mexico,Scotland,-1,-1,-1
Mexico,Senegal,-1,-1,-1
Mexico,South Africa,1,0,0
Mexico,South Korea,0.5455,0.2418,0.2128
Mexico,Spain,-1,-1,-1
Mexico,Sweden,-1,-1,-1
Mexico,Switzerland,-1,-1,-1
Mexico,Tunisia,-1,-1,-1
Mexico,Turkey,-1,-1,-1
Mexico,United States,-1,-1,-1
Mexico,Uruguay,-1,-1,-1
Mexico,Uzbekistan,-1,-1,-1
Morocco,Netherlands,-1,-1,-1
Morocco,New Zealand,-1,-1,-1
Morocco,Norway,-1,-1,-1
Morocco,Panama,-1,-1,-1
Morocco,Paraguay,-1,-1,-1
Morocco,Portugal,-1,-1,-1
Morocco,Qatar,-1,-1,-1
Morocco,Saudi Arabia,-1,-1,-1
Morocco,Scotland,0.5122,0.2497,0.2381
Morocco,Senegal,-1,-1,-1
Morocco,South Africa,-1,-1,-1
Morocco,South Korea,-1,-1,-1
Morocco,Spain,-1,-1,-1
Morocco,Sweden,-1,-1,-1
Morocco,Switzerland,-1,-1,-1
Morocco,Tunisia,-1,-1,-1
Morocco,Turkey,-1,-1,-1
Morocco,United States,-1,-1,-1
Morocco,Uruguay,-1,-1,-1
Morocco,Uzbekistan,-1,-1,-1
Netherlands,New Zealand,-1,-1,-1
Netherlands,Norway,-1,-1,-1
Netherlands,Panama,-1,-1,-1
Netherlands,Paraguay,-1,-1,-1
Netherlands,Portugal,-1,-1,-1
Netherlands,Qatar,-1,-1,-1
Netherlands,Saudi Arabia,-1,-1,-1
Netherlands,Scotland,-1,-1,-1
Netherlands,Senegal,-1,-1,-1
Netherlands,South Africa,-1,-1,-1
Netherlands,South Korea,-1,-1,-1
Netherlands,Spain,-1,-1,-1
Netherlands,Sweden,0.6078,0.1961,0.1961
Netherlands,Switzerland,-1,-1,-1
Netherlands,Tunisia,0.6667,0.1795,0.1538
Netherlands,Turkey,-1,-1,-1
Netherlands,United States,-1,-1,-1
Netherlands,Uruguay,-1,-1,-1
Netherlands,Uzbekistan,-1,-1,-1
New Zealand,Norway,-1,-1,-1
New Zealand,Panama,-1,-1,-1
New Zealand,Paraguay,-1,-1,-1
New Zealand,Portugal,-1,-1,-1
New Zealand,Qatar,-1,-1,-1
New Zealand,Saudi Arabia,-1,-1,-1
New Zealand,Scotland,-1,-1,-1
New Zealand,Senegal,-1,-1,-1
New Zealand,South Africa,-1,-1,-1
New Zealand,South Korea,-1,-1,-1
New Zealand,Spain,-1,-1,-1
New Zealand,Sweden,-1,-1,-1
New Zealand,Switzerland,-1,-1,-1
New Zealand,Tunisia,-1,-1,-1
New Zealand,Turkey,-1,-1,-1
New Zealand,United States,-1,-1,-1
New Zealand,Uruguay,-1,-1,-1
New Zealand,Uzbekistan,-1,-1,-1
Norway,Panama,-1,-1,-1
Norway,Paraguay,-1,-1,-1
Norway,Portugal,-1,-1,-1
Norway,Qatar,-1,-1,-1
Norway,Saudi Arabia,-1,-1,-1
Norway,Scotland,-1,-1,-1
Norway,Senegal,0.4651,0.2319,0.3030
Norway,South Africa,-1,-1,-1
Norway,South Korea,-1,-1,-1
Norway,Spain,-1,-1,-1
Norway,Sweden,-1,-1,-1
Norway,Switzerland,-1,-1,-1
Norway,Tunisia,-1,-1,-1
Norway,Turkey,-1,-1,-1
Norway,United States,-1,-1,-1
Norway,Uruguay,-1,-1,-1
Norway,Uzbekistan,-1,-1,-1
Panama,Paraguay,-1,-1,-1
Panama,Portugal,-1,-1,-1
Panama,Qatar,-1,-1,-1
Panama,Saudi Arabia,-1,-1,-1
Panama,Scotland,-1,-1,-1
Panama,Senegal,-1,-1,-1
Panama,South Africa,-1,-1,-1
Panama,South Korea,-1,-1,-1
Panama,Spain,-1,-1,-1
Panama,Sweden,-1,-1,-1
Panama,Switzerland,-1,-1,-1
Panama,Tunisia,-1,-1,-1
Panama,Turkey,-1,-1,-1
Panama,United States,-1,-1,-1
Panama,Uruguay,-1,-1,-1
Panama,Uzbekistan,-1,-1,-1
Paraguay,Portugal,-1,-1,-1
Paraguay,Qatar,-1,-1,-1
Paraguay,Saudi Arabia,-1,-1,-1
Paraguay,Scotland,-1,-1,-1
Paraguay,Senegal,-1,-1,-1
Paraguay,South Africa,-1,-1,-1
Paraguay,South Korea,-1,-1,-1
Paraguay,Spain,-1,-1,-1
Paraguay,Sweden,-1,-1,-1
Paraguay,Switzerland,-1,-1,-1
Paraguay,Tunisia,-1,-1,-1
Paraguay,Turkey,0.2941,0.2614,0.4444
Paraguay,United States,0.2381,0.2381,0.5238
Paraguay,Uruguay,-1,-1,-1
Paraguay,Uzbekistan,-1,-1,-1
Portugal,Qatar,-1,-1,-1
Portugal,Saudi Arabia,-1,-1,-1
Portugal,Scotland,-1,-1,-1
Portugal,Senegal,-1,-1,-1
Portugal,South Africa,-1,-1,-1
Portugal,South Korea,-1,-1,-1
Portugal,Spain,-1,-1,-1
Portugal,Sweden,-1,-1,-1
Portugal,Switzerland,-1,-1,-1
Portugal,Tunisia,-1,-1,-1
Portugal,Turkey,-1,-1,-1
Portugal,United States,-1,-1,-1
Portugal,Uruguay,-1,-1,-1
Portugal,Uzbekistan,0.7959,0.1132,0.0909
Qatar,Saudi Arabia,-1,-1,-1
Qatar,Scotland,-1,-1,-1
Qatar,Senegal,-1,-1,-1
Qatar,South Africa,-1,-1,-1
Qatar,South Korea,-1,-1,-1
Qatar,Spain,-1,-1,-1
Qatar,Sweden,-1,-1,-1
Qatar,Switzerland,0.0714,0.0952,0.8333
Qatar,Tunisia,-1,-1,-1
Qatar,Turkey,-1,-1,-1
Qatar,United States,-1,-1,-1
Qatar,Uruguay,-1,-1,-1
Qatar,Uzbekistan,-1,-1,-1
Saudi Arabia,Scotland,-1,-1,-1
Saudi Arabia,Senegal,-1,-1,-1
Saudi Arabia,South Africa,-1,-1,-1
Saudi Arabia,South Korea,-1,-1,-1
Saudi Arabia,Spain,0.0357,0.0643,0.9000
Saudi Arabia,Sweden,-1,-1,-1
Saudi Arabia,Switzerland,-1,-1,-1
Saudi Arabia,Tunisia,-1,-1,-1
Saudi Arabia,Turkey,-1,-1,-1
Saudi Arabia,United States,-1,-1,-1
Saudi Arabia,Uruguay,0.1333,0.1608,0.7059
Saudi Arabia,Uzbekistan,-1,-1,-1
Scotland,Senegal,-1,-1,-1
Scotland,South Africa,-1,-1,-1
Scotland,South Korea,-1,-1,-1
Scotland,Spain,-1,-1,-1
Scotland,Sweden,-1,-1,-1
Scotland,Switzerland,-1,-1,-1
Scotland,Tunisia,-1,-1,-1
Scotland,Turkey,-1,-1,-1
Scotland,United States,-1,-1,-1
Scotland,Uruguay,-1,-1,-1
Scotland,Uzbekistan,-1,-1,-1
Senegal,South Africa,-1,-1,-1
Senegal,South Korea,-1,-1,-1
Senegal,Spain,-1,-1,-1
Senegal,Sweden,-1,-1,-1
Senegal,Switzerland,-1,-1,-1
Senegal,Tunisia,-1,-1,-1
Senegal,Turkey,-1,-1,-1
Senegal,United States,-1,-1,-1
Senegal,Uruguay,-1,-1,-1
Senegal,Uzbekistan,-1,-1,-1
South Africa,South Korea,0.2439,0.2323,0.5238
South Africa,Spain,-1,-1,-1
South Africa,Sweden,-1,-1,-1
South Africa,Switzerland,-1,-1,-1
South Africa,Tunisia,-1,-1,-1
South Africa,Turkey,-1,-1,-1
South Africa,United States,-1,-1,-1
South Africa,Uruguay,-1,-1,-1
South Africa,Uzbekistan,-1,-1,-1
South Korea,Spain,-1,-1,-1
South Korea,Sweden,-1,-1,-1
South Korea,Switzerland,-1,-1,-1
South Korea,Tunisia,-1,-1,-1
South Korea,Turkey,-1,-1,-1
South Korea,United States,-1,-1,-1
South Korea,Uruguay,-1,-1,-1
South Korea,Uzbekistan,-1,-1,-1
Spain,Sweden,-1,-1,-1
Spain,Switzerland,-1,-1,-1
Spain,Tunisia,-1,-1,-1
Spain,Turkey,-1,-1,-1
Spain,United States,-1,-1,-1
Spain,Uruguay,0.6078,0.2070,0.1852
Spain,Uzbekistan,-1,-1,-1
Sweden,Switzerland,-1,-1,-1
Sweden,Tunisia,0.5349,0.2477,0.2174
Sweden,Turkey,-1,-1,-1
Sweden,United States,-1,-1,-1
Sweden,Uruguay,-1,-1,-1
Sweden,Uzbekistan,-1,-1,-1
Switzerland,Tunisia,-1,-1,-1
Switzerland,Turkey,-1,-1,-1
Switzerland,United States,-1,-1,-1
Switzerland,Uruguay,-1,-1,-1
Switzerland,Uzbekistan,-1,-1,-1
Tunisia,Turkey,-1,-1,-1
Tunisia,United States,-1,-1,-1
Tunisia,Uruguay,-1,-1,-1
Tunisia,Uzbekistan,-1,-1,-1
Turkey,United States,0.3704,0.2296,0.4000
Turkey,Uruguay,-1,-1,-1
Turkey,Uzbekistan,-1,-1,-1
United States,Uruguay,-1,-1,-1
United States,Uzbekistan,-1,-1,-1
Uruguay,Uzbekistan,-1,-1,-1